"","decoup2008","insee","C_VILLENOU"
"1",6,77005,NA
"2",5,77018,3
"3",6,77022,NA
"4",7,77024,NA
"5",7,77034,NA
"6",6,77037,NA
"7",4,77055,NA
"8",3,77055,NA
"9",3,77067,4
"10",4,77075,NA
"11",5,77079,NA
"12",7,77082,NA
"13",7,77095,NA
"14",6,77096,NA
"15",6,77099,NA
"16",7,77104,NA
"17",6,77107,NA
"18",3,77111,3
"19",4,77111,3
"20",6,77114,NA
"21",7,77116,NA
"22",4,77121,3
"23",6,77125,NA
"24",6,77127,NA
"25",4,77139,NA
"26",5,77142,NA
"27",6,77143,NA
"28",7,77148,NA
"29",5,77153,NA
"30",4,77155,NA
"31",6,77159,NA
"32",3,77169,3
"33",5,77171,NA
"34",7,77175,NA
"35",6,77176,NA
"36",7,77180,NA
"37",5,77182,NA
"38",5,77183,NA
"39",7,77191,NA
"40",5,77192,NA
"41",5,77215,NA
"42",6,77217,NA
"43",3,77221,3
"44",6,77222,NA
"45",6,77226,NA
"46",7,77234,NA
"47",7,77241,NA
"48",3,77249,NA
"49",5,77257,NA
"50",6,77259,NA
"51",6,77260,NA
"52",5,77268,3
"53",7,77269,NA
"54",7,77276,NA
"55",6,77302,NA
"56",4,77307,3
"57",6,77312,NA
"58",5,77316,NA
"59",5,77317,NA
"60",7,77323,NA
"61",6,77325,NA
"62",4,77326,4
"63",5,77327,NA
"64",5,77330,NA
"65",7,77339,NA
"66",5,77349,NA
"67",6,77363,NA
"68",7,77367,NA
"69",4,77372,NA
"70",7,77374,NA
"71",7,77377,NA
"72",4,77378,NA
"73",5,77382,NA
"74",7,77384,4
"75",6,77388,NA
"76",4,77389,NA
"77",6,77400,NA
"78",6,77413,NA
"79",6,77419,NA
"80",6,77420,NA
"81",5,77430,NA
"82",6,77431,NA
"83",7,77436,NA
"84",6,77437,NA
"85",3,77438,3
"86",7,77440,NA
"87",6,77441,NA
"88",6,77442,NA
"89",6,77455,NA
"90",6,77457,NA
"91",6,77458,NA
"92",7,77462,NA
"93",6,77463,NA
"94",4,77464,NA
"95",5,77470,NA
"96",7,77483,NA
"97",5,77491,NA
"98",4,77495,4
"99",7,77508,NA
"100",7,77511,NA
"101",6,77513,NA
"102",5,77513,NA
"103",7,77515,NA
"104",6,77517,NA
"105",7,77518,NA
"106",7,77528,NA
"107",6,78033,NA
"108",5,78043,NA
"109",6,78053,NA
"110",5,78062,NA
"111",7,78090,NA
"112",3,78092,NA
"113",2,78092,NA
"114",3,78117,NA
"115",7,78128,NA
"116",3,78133,NA
"117",3,78138,NA
"118",7,78143,NA
"119",4,78160,NA
"120",3,78168,NA
"121",5,78217,NA
"122",5,78220,NA
"123",3,78224,NA
"124",4,78227,NA
"125",3,78251,NA
"126",4,78267,NA
"127",4,78299,NA
"128",5,78310,NA
"129",4,78321,NA
"130",3,78322,NA
"131",4,78322,NA
"132",4,78343,NA
"133",3,78350,NA
"134",4,78356,5
"135",2,78367,NA
"136",3,78367,NA
"137",5,78380,NA
"138",4,78382,NA
"139",3,78396,NA
"140",4,78397,NA
"141",3,78401,NA
"142",6,78402,NA
"143",6,78420,NA
"144",3,78442,NA
"145",6,78451,NA
"146",5,78455,NA
"147",5,78486,NA
"148",4,78501,NA
"149",3,78502,NA
"150",3,78524,NA
"151",2,78524,NA
"152",7,78562,NA
"153",6,78571,NA
"154",4,78575,NA
"155",4,78576,NA
"156",6,78591,NA
"157",4,78609,NA
"158",3,78638,NA
"159",4,78643,NA
"160",3,78672,NA
"161",6,91016,NA
"162",4,91044,NA
"163",5,91045,NA
"164",6,91047,NA
"165",4,91064,NA
"166",7,91080,NA
"167",6,91085,NA
"168",3,91086,2
"169",7,91093,NA
"170",6,91095,NA
"171",3,91097,NA
"172",6,91099,NA
"173",4,91105,NA
"174",6,91111,NA
"175",4,91115,NA
"176",3,91122,NA
"177",7,91131,NA
"178",4,91136,NA
"179",7,91156,NA
"180",7,91175,NA
"181",4,91179,NA
"182",3,91191,NA
"183",4,91207,NA
"184",3,91225,NA
"185",5,91226,NA
"186",6,91232,NA
"187",6,91249,NA
"188",4,91275,NA
"189",6,91294,NA
"190",6,91315,NA
"191",5,91330,NA
"192",4,91333,NA
"193",4,91339,NA
"194",4,91340,2
"195",4,91347,NA
"196",6,91359,NA
"197",4,91363,NA
"198",5,91376,NA
"199",6,91405,NA
"200",3,91425,NA
"201",6,91433,NA
"202",4,91458,NA
"203",4,91461,NA
"204",4,91479,NA
"205",7,91482,NA
"206",7,91511,NA
"207",3,91514,NA
"208",6,91525,NA
"209",6,91533,NA
"210",4,91534,NA
"211",5,91540,NA
"212",3,91552,NA
"213",3,91553,NA
"214",4,91573,4
"215",3,91577,NA
"216",6,91579,NA
"217",4,91581,NA
"218",4,91587,NA
"219",6,91593,NA
"220",3,91600,NA
"221",4,91631,NA
"222",4,91635,NA
"223",6,91648,NA
"224",6,91649,NA
"225",4,91659,2
"226",3,91661,NA
"227",3,91665,NA
"228",4,91666,NA
"229",3,91667,NA
"230",4,91679,NA
"231",3,91685,NA
"232",4,91689,NA
"233",3,92047,NA
"234",3,92076,NA
"235",4,93015,NA
"236",3,93033,NA
"237",2,93039,NA
"238",3,93074,NA
"239",4,93074,NA
"240",3,94001,NA
"241",4,94047,NA
"242",3,94048,NA
"243",4,94053,NA
"244",4,94056,NA
"245",2,94065,NA
"246",4,94070,NA
"247",3,94075,NA
"248",6,95026,NA
"249",4,95039,NA
"250",3,95051,NA
"251",5,95052,NA
"252",6,95056,NA
"253",4,95060,NA
"254",4,95134,NA
"255",7,95142,NA
"256",6,95149,NA
"257",7,95177,NA
"258",4,95183,1
"259",4,95205,NA
"260",4,95229,NA
"261",4,95256,NA
"262",3,95257,NA
"263",3,95288,NA
"264",7,95341,NA
"265",5,95351,NA
"266",5,95352,NA
"267",3,95369,NA
"268",4,95392,NA
"269",4,95394,NA
"270",7,95395,NA
"271",3,95426,NA
"272",6,95430,NA
"273",4,95480,NA
"274",4,95488,NA
"275",4,95491,NA
"276",6,95504,NA
"277",4,95527,NA
"278",6,95566,NA
"279",3,95574,NA
"280",6,95580,NA
"281",6,95594,NA
"282",5,95604,NA
"283",4,95612,NA
"284",7,95625,NA
"285",5,95652,NA
"286",4,77058,3
"287",1,75006,NA
"288",5,77118,NA
"289",3,94073,NA
"290",2,94002,NA
"291",1,92026,NA
"292",2,93072,NA
"293",1,75016,NA
"294",2,94052,NA
"295",2,94018,NA
"296",1,92012,NA
"297",1,92044,NA
"298",2,92072,NA
"299",1,75020,NA
"300",1,75012,NA
"301",3,78586,NA
"302",1,75014,NA
"303",1,75015,NA
"304",1,94067,NA
"305",3,95218,1
"306",1,93061,NA
"307",2,94043,NA
"308",1,75011,NA
"309",2,93055,NA
"310",1,75005,NA
"311",2,92060,NA
"312",4,77487,NA
"313",2,92004,NA
"314",2,94041,NA
"315",2,78646,NA
"316",2,94046,NA
"317",2,78158,NA
"318",1,75004,NA
"319",3,94044,NA
"320",1,75009,NA
"321",3,91521,2
"322",2,94028,NA
"323",1,75010,NA
"324",1,75019,NA
"325",2,77288,NA
"326",1,75003,NA
"327",1,75017,NA
"328",2,92064,NA
"329",1,75018,NA
"330",2,94081,NA
"331",3,94068,NA
"332",2,93048,NA
"333",1,75002,NA
"334",1,75001,NA
"335",2,94069,NA
"336",2,94058,NA
"337",3,78650,NA
"338",3,94079,3
"339",1,94080,NA
"340",2,92009,NA
"341",1,92040,NA
"342",2,93029,NA
"343",2,93045,NA
"344",3,93005,NA
"345",3,78146,NA
"346",3,78297,5
"347",1,92024,NA
"348",1,75013,NA
"349",1,75007,NA
"350",2,91228,2
"351",3,77108,NA
"352",3,93077,NA
"353",2,92063,NA
"354",1,92051,NA
"355",2,92032,NA
"356",3,78311,NA
"357",3,93062,NA
"358",3,91174,NA
"359",3,91471,NA
"360",2,92023,NA
"361",2,92077,NA
"362",2,93059,NA
"363",3,91691,NA
"364",2,93051,3
"365",2,95252,NA
"366",3,78208,5
"367",3,93057,NA
"368",2,94080,NA
"369",2,92071,NA
"370",3,94015,3
"371",2,77468,3
"372",1,75008,NA
"373",5,77053,NA
"374",2,94038,NA
"375",2,94015,3
"376",2,93063,NA
"377",2,94017,NA
"378",3,91549,NA
"379",2,92025,NA
"380",3,92036,NA
"381",3,78640,NA
"382",3,91161,NA
"383",3,91326,NA
"384",2,92050,NA
"385",2,93001,NA
"386",2,94022,NA
"387",2,78481,NA
"388",1,92049,NA
"389",2,92035,NA
"390",2,77083,3
"391",5,77014,NA
"392",5,77284,NA
"393",2,94033,NA
"394",2,93027,NA
"395",3,91687,NA
"396",3,78172,NA
"397",2,92019,NA
"398",2,94003,NA
"399",3,95197,NA
"400",1,94052,NA
"401",2,91377,NA
"402",4,77514,NA
"403",3,77373,NA
"404",2,92014,NA
"405",3,95607,NA
"406",2,94034,NA
"407",2,92048,NA
"408",4,78015,NA
"409",3,95572,1
"410",2,91692,NA
"411",2,94076,NA
"412",2,93050,NA
"413",2,92020,NA
"414",3,77258,3
"415",2,95268,NA
"416",3,95582,NA
"417",1,93055,NA
"418",2,94016,NA
"419",2,93070,NA
"420",3,77445,4
"421",4,77390,NA
"422",4,78242,NA
"423",3,95424,NA
"424",3,95306,NA
"425",3,93078,NA
"426",4,78123,NA
"427",4,77294,NA
"428",2,95585,NA
"429",2,91286,NA
"430",3,78383,NA
"431",3,94078,NA
"432",2,92002,NA
"433",3,91421,NA
"434",3,94059,NA
"435",1,92062,NA
"436",3,93047,NA
"437",3,78551,NA
"438",2,93066,NA
"439",2,95063,NA
"440",3,91589,NA
"441",3,94077,NA
"442",3,91182,2
"443",4,78490,NA
"444",2,92075,NA
"445",2,93014,NA
"446",3,78621,5
"447",2,93010,NA
"448",3,93032,NA
"449",3,78165,NA
"450",4,77122,4
"451",4,95539,NA
"452",2,93064,NA
"453",1,94033,NA
"454",3,78124,NA
"455",2,92073,NA
"456",2,93008,NA
"457",3,95428,NA
"458",2,93053,NA
"459",3,78358,NA
"460",3,94021,NA
"461",5,77186,NA
"462",2,92033,NA
"463",2,92078,NA
"464",3,91345,NA
"465",2,95555,NA
"466",2,92007,NA
"467",2,95127,1
"468",3,93014,NA
"469",2,94037,NA
"470",4,77296,4
"471",2,93071,NA
"472",3,77243,3
"473",2,92022,NA
"474",3,93046,NA
"475",3,91477,NA
"476",3,91215,NA
"477",3,95203,NA
"478",3,78126,NA
"479",2,78423,5
"480",3,95176,NA
"481",3,91272,NA
"482",2,77337,3
"483",5,77333,NA
"484",3,91114,NA
"485",2,92046,NA
"486",2,93006,0
"487",2,95018,NA
"488",3,78073,NA
"489",3,94004,NA
"490",3,93030,NA
"491",2,78686,NA
"492",3,93049,NA
"493",3,94011,NA
"494",5,77305,NA
"495",3,95219,NA
"496",3,78481,NA
"497",4,94060,NA
"498",3,78372,NA
"499",3,91570,NA
"500",3,78642,NA
"501",3,78440,NA
"502",2,78372,NA
"503",3,93007,NA
"504",3,95427,NA
"505",3,91434,NA
"506",3,94019,NA
"507",2,95210,NA
"508",1,93048,NA
"509",4,91103,NA
"510",2,92026,NA
"511",3,77350,NA
"512",3,91216,NA
"513",3,77285,NA
"514",2,92062,NA
"515",5,77379,NA
"516",3,95500,1
"517",2,94042,NA
"518",3,91201,NA
"519",2,93031,NA
"520",2,93049,NA
"521",3,77152,NA
"522",3,91021,NA
"523",3,94071,NA
"524",3,91432,NA
"525",3,91657,NA
"526",4,93073,NA
"527",3,94054,NA
"528",3,77479,NA
"529",4,78418,NA
"530",3,78498,NA
"531",3,91027,NA
"532",4,95323,1
"533",2,93013,NA
"534",3,78545,NA
"535",4,91021,NA
"536",2,91215,NA
"537",3,95637,1
"538",3,91312,NA
"539",5,91223,NA
"540",1,92073,NA
"541",5,91200,NA
"542",3,91645,NA
"543",4,77407,NA
"544",3,95199,NA
"545",3,95563,NA
"546",1,93001,NA
"547",2,94054,NA
"548",2,78361,NA
"549",3,77288,NA
"550",4,78005,NA
"551",3,93051,3
"552",3,95313,NA
"553",1,92046,NA
"554",2,92040,NA
"555",2,92049,NA
"556",3,94074,NA
"557",3,78423,5
"558",2,93057,NA
"559",3,91692,NA
"560",5,78517,NA
"561",3,93050,NA
"562",3,78688,5
"563",5,77131,NA
"564",2,94021,NA
"565",1,93045,NA
"566",4,95280,NA
"567",4,91386,NA
"568",3,92004,NA
"569",3,95598,NA
"570",2,78126,NA
"571",3,78190,NA
"572",4,78029,NA
"573",2,93079,NA
"574",3,78362,NA
"575",3,94042,NA
"576",3,93031,NA
"577",4,78624,NA
"578",5,95487,NA
"579",3,94017,NA
"580",2,93005,NA
"581",4,95252,NA
"582",3,95019,NA
"583",4,95680,NA
"584",4,77251,4
"585",1,92050,NA
"586",2,94073,NA
"587",4,95607,NA
"588",2,93077,NA
"589",4,78674,NA
"590",3,94058,NA
"591",4,78586,NA
"592",3,94038,NA
"593",3,94022,NA
"594",2,93061,NA
"595",3,94055,NA
"596",1,92075,NA
"597",3,78335,NA
"598",1,93070,NA
"599",4,95277,NA
"600",4,93078,NA
"601",3,92033,NA
"602",2,95428,NA
"603",3,93064,NA
"604",7,77001,NA
"605",7,77002,NA
"606",7,77003,NA
"607",7,77004,NA
"608",7,77006,NA
"609",7,77007,NA
"610",7,77008,NA
"611",7,77010,NA
"612",7,77011,NA
"613",7,77012,NA
"614",7,77015,NA
"615",7,77016,NA
"616",6,77016,NA
"617",7,77019,NA
"618",7,77020,NA
"619",7,77021,NA
"620",7,77025,NA
"621",7,77026,NA
"622",7,77027,NA
"623",7,77028,NA
"624",7,77029,NA
"625",7,77030,NA
"626",6,77031,NA
"627",7,77033,NA
"628",7,77035,NA
"629",5,77037,NA
"630",7,77038,NA
"631",7,77039,NA
"632",4,77040,NA
"633",7,77041,NA
"634",6,77042,NA
"635",7,77043,NA
"636",7,77044,NA
"637",7,77045,NA
"638",7,77046,NA
"639",7,77047,NA
"640",6,77048,NA
"641",7,77049,NA
"642",7,77050,NA
"643",6,77051,NA
"644",7,77054,NA
"645",7,77056,NA
"646",7,77057,NA
"647",4,77059,3
"648",7,77060,NA
"649",6,77061,NA
"650",6,77063,NA
"651",7,77065,NA
"652",7,77068,NA
"653",6,77069,NA
"654",7,77070,NA
"655",7,77071,NA
"656",7,77072,NA
"657",7,77076,NA
"658",7,77077,NA
"659",6,77078,NA
"660",7,77081,NA
"661",6,77084,NA
"662",4,77085,3
"663",7,77086,NA
"664",6,77088,NA
"665",7,77089,NA
"666",7,77090,NA
"667",7,77091,NA
"668",7,77093,NA
"669",7,77094,NA
"670",7,77097,NA
"671",7,77098,NA
"672",5,77100,NA
"673",7,77101,NA
"674",7,77102,NA
"675",7,77103,NA
"676",7,77106,NA
"677",7,77109,NA
"678",7,77112,NA
"679",7,77113,NA
"680",7,77115,NA
"681",7,77117,NA
"682",7,77119,NA
"683",7,77120,NA
"684",7,77123,NA
"685",4,77124,3
"686",3,77124,3
"687",7,77126,NA
"688",6,77128,NA
"689",7,77129,NA
"690",7,77130,NA
"691",6,77132,3
"692",7,77134,NA
"693",7,77135,NA
"694",7,77136,NA
"695",7,77138,NA
"696",3,77139,NA
"697",7,77140,NA
"698",6,77141,NA
"699",7,77142,NA
"700",7,77144,NA
"701",7,77145,NA
"702",4,77146,3
"703",7,77147,NA
"704",7,77149,NA
"705",7,77150,NA
"706",7,77151,NA
"707",7,77154,NA
"708",6,77156,NA
"709",7,77157,NA
"710",7,77158,NA
"711",7,77161,NA
"712",7,77162,NA
"713",7,77164,NA
"714",7,77165,NA
"715",6,77166,NA
"716",7,77167,NA
"717",7,77168,NA
"718",7,77170,NA
"719",7,77171,NA
"720",7,77172,NA
"721",7,77173,NA
"722",7,77174,NA
"723",7,77177,NA
"724",7,77178,NA
"725",7,77179,NA
"726",4,77181,3
"727",7,77184,NA
"728",7,77185,NA
"729",7,77187,NA
"730",6,77188,NA
"731",7,77193,NA
"732",7,77194,NA
"733",7,77195,NA
"734",7,77196,NA
"735",7,77197,NA
"736",7,77199,NA
"737",7,77200,NA
"738",7,77201,NA
"739",7,77202,NA
"740",7,77203,NA
"741",7,77208,NA
"742",4,77209,3
"743",6,77210,NA
"744",7,77211,NA
"745",7,77214,NA
"746",7,77216,NA
"747",7,77219,NA
"748",7,77220,NA
"749",7,77222,NA
"750",7,77223,NA
"751",7,77227,NA
"752",7,77228,NA
"753",7,77229,NA
"754",7,77230,NA
"755",7,77231,NA
"756",6,77232,NA
"757",7,77233,NA
"758",7,77236,NA
"759",7,77237,3
"760",5,77238,NA
"761",7,77239,NA
"762",6,77240,NA
"763",7,77242,NA
"764",7,77244,NA
"765",7,77245,NA
"766",7,77246,NA
"767",7,77247,NA
"768",5,77248,NA
"769",7,77248,NA
"770",7,77250,NA
"771",7,77253,NA
"772",7,77254,NA
"773",4,77255,NA
"774",7,77256,NA
"775",7,77261,NA
"776",7,77262,NA
"777",7,77264,NA
"778",6,77265,NA
"779",7,77266,NA
"780",7,77270,NA
"781",7,77272,NA
"782",7,77273,NA
"783",7,77277,NA
"784",7,77278,NA
"785",7,77279,NA
"786",6,77280,NA
"787",6,77281,NA
"788",7,77282,NA
"789",7,77283,NA
"790",7,77287,NA
"791",7,77289,NA
"792",6,77290,NA
"793",4,77291,NA
"794",7,77293,NA
"795",7,77295,NA
"796",7,77297,NA
"797",7,77299,NA
"798",7,77300,NA
"799",7,77303,NA
"800",7,77306,NA
"801",7,77308,NA
"802",7,77309,NA
"803",7,77310,NA
"804",7,77311,NA
"805",7,77313,NA
"806",6,77315,NA
"807",5,77315,NA
"808",7,77318,NA
"809",6,77320,NA
"810",6,77321,NA
"811",6,77322,NA
"812",6,77328,NA
"813",7,77329,NA
"814",7,77330,NA
"815",6,77331,NA
"816",7,77332,NA
"817",6,77335,NA
"818",7,77336,NA
"819",7,77338,NA
"820",7,77340,NA
"821",7,77341,NA
"822",7,77342,NA
"823",7,77343,NA
"824",6,77344,NA
"825",7,77345,NA
"826",7,77347,NA
"827",7,77348,NA
"828",6,77352,NA
"829",7,77352,NA
"830",7,77353,NA
"831",7,77354,NA
"832",7,77355,NA
"833",7,77357,NA
"834",7,77358,NA
"835",7,77359,NA
"836",7,77361,NA
"837",7,77364,NA
"838",7,77365,NA
"839",7,77366,NA
"840",6,77369,NA
"841",7,77370,NA
"842",6,77371,NA
"843",7,77376,NA
"844",7,77380,NA
"845",7,77381,NA
"846",7,77383,NA
"847",7,77385,NA
"848",7,77386,NA
"849",7,77387,NA
"850",7,77392,NA
"851",6,77393,NA
"852",4,77394,NA
"853",7,77394,NA
"854",7,77395,NA
"855",6,77397,NA
"856",7,77398,NA
"857",7,77399,NA
"858",6,77401,NA
"859",7,77402,NA
"860",6,77403,NA
"861",6,77404,NA
"862",7,77404,NA
"863",7,77405,NA
"864",7,77408,NA
"865",6,77409,NA
"866",7,77410,NA
"867",7,77411,NA
"868",7,77412,NA
"869",7,77414,NA
"870",6,77415,NA
"871",7,77416,NA
"872",7,77417,NA
"873",7,77418,NA
"874",7,77421,NA
"875",7,77423,NA
"876",7,77424,NA
"877",7,77425,NA
"878",7,77426,NA
"879",7,77427,NA
"880",7,77428,NA
"881",7,77429,NA
"882",6,77433,NA
"883",7,77434,NA
"884",7,77435,NA
"885",4,77438,3
"886",7,77439,NA
"887",7,77443,NA
"888",7,77444,NA
"889",7,77446,NA
"890",7,77447,NA
"891",5,77449,3
"892",4,77450,NA
"893",7,77451,NA
"894",7,77453,NA
"895",7,77454,NA
"896",7,77456,NA
"897",7,77459,NA
"898",7,77460,NA
"899",7,77461,NA
"900",7,77465,NA
"901",7,77466,NA
"902",7,77467,NA
"903",7,77469,NA
"904",7,77471,NA
"905",7,77472,NA
"906",7,77473,NA
"907",7,77474,NA
"908",5,77475,NA
"909",7,77477,NA
"910",7,77478,NA
"911",7,77480,NA
"912",6,77482,NA
"913",7,77484,NA
"914",7,77485,NA
"915",7,77486,NA
"916",7,77489,NA
"917",7,77490,NA
"918",7,77492,NA
"919",6,77493,NA
"920",6,77494,NA
"921",7,77496,NA
"922",7,77500,NA
"923",7,77501,NA
"924",7,77504,NA
"925",7,77505,NA
"926",7,77506,NA
"927",7,77507,NA
"928",7,77509,NA
"929",7,77510,NA
"930",7,77512,NA
"931",7,77516,NA
"932",7,77519,NA
"933",7,77520,NA
"934",6,77521,NA
"935",7,77522,NA
"936",7,77523,NA
"937",7,77524,NA
"938",7,77525,NA
"939",7,77526,NA
"940",7,77527,NA
"941",6,77529,NA
"942",7,77530,NA
"943",7,77531,NA
"944",6,77533,NA
"945",7,77534,NA
"946",6,78003,NA
"947",7,78006,NA
"948",7,78007,NA
"949",7,78009,NA
"950",7,78010,NA
"951",7,78013,NA
"952",7,78020,NA
"953",7,78030,NA
"954",4,78031,NA
"955",7,78034,NA
"956",7,78048,NA
"957",6,78049,NA
"958",6,78057,NA
"959",7,78068,NA
"960",7,78070,NA
"961",7,78072,NA
"962",7,78077,NA
"963",7,78082,NA
"964",7,78087,NA
"965",7,78096,NA
"966",7,78104,NA
"967",7,78108,NA
"968",7,78113,NA
"969",4,78118,NA
"970",7,78120,NA
"971",7,78125,NA
"972",4,78138,NA
"973",4,78140,NA
"974",7,78147,NA
"975",7,78152,NA
"976",7,78162,NA
"977",7,78171,NA
"978",6,78185,NA
"979",7,78189,NA
"980",7,78192,NA
"981",7,78193,NA
"982",7,78196,NA
"983",5,78206,NA
"984",6,78209,NA
"985",6,78230,NA
"986",6,78233,NA
"987",7,78236,NA
"988",7,78237,NA
"989",4,78238,NA
"990",4,78239,NA
"991",7,78246,NA
"992",6,78255,NA
"993",4,78261,NA
"994",7,78262,NA
"995",7,78263,NA
"996",6,78265,NA
"997",7,78269,NA
"998",7,78278,NA
"999",7,78281,NA
"1000",7,78283,NA
"1001",7,78285,NA
"1002",7,78289,NA
"1003",7,78290,NA
"1004",7,78291,NA
"1005",7,78296,NA
"1006",7,78300,NA
"1007",7,78302,NA
"1008",7,78307,NA
"1009",6,78310,NA
"1010",4,78314,NA
"1011",7,78317,NA
"1012",7,78320,NA
"1013",3,78321,NA
"1014",7,78325,NA
"1015",4,78327,NA
"1016",7,78329,NA
"1017",6,78334,NA
"1018",6,78337,NA
"1019",7,78346,NA
"1020",4,78354,NA
"1021",7,78364,NA
"1022",7,78368,NA
"1023",4,78384,NA
"1024",6,78389,NA
"1025",6,78391,NA
"1026",6,78398,NA
"1027",4,78401,NA
"1028",4,78403,NA
"1029",7,78406,NA
"1030",7,78407,NA
"1031",7,78410,NA
"1032",6,78415,NA
"1033",7,78416,NA
"1034",7,78417,NA
"1035",7,78431,NA
"1036",6,78437,NA
"1037",7,78460,NA
"1038",7,78464,NA
"1039",6,78465,NA
"1040",4,78466,NA
"1041",7,78470,NA
"1042",7,78472,NA
"1043",7,78474,NA
"1044",7,78475,NA
"1045",7,78478,NA
"1046",7,78497,NA
"1047",7,78505,NA
"1048",6,78513,NA
"1049",6,78516,NA
"1050",7,78520,NA
"1051",7,78522,NA
"1052",6,78528,NA
"1053",7,78530,NA
"1054",6,78531,NA
"1055",7,78536,NA
"1056",5,78537,NA
"1057",7,78548,NA
"1058",7,78550,NA
"1059",7,78558,NA
"1060",7,78559,NA
"1061",7,78561,NA
"1062",7,78564,NA
"1063",7,78569,NA
"1064",7,78590,NA
"1065",7,78597,NA
"1066",7,78605,NA
"1067",7,78615,NA
"1068",7,78618,NA
"1069",7,78620,NA
"1070",4,78623,NA
"1071",3,78644,5
"1072",4,78647,NA
"1073",7,78655,NA
"1074",7,78677,NA
"1075",7,78681,NA
"1076",4,78683,NA
"1077",7,91017,NA
"1078",7,91022,NA
"1079",7,91035,NA
"1080",7,91037,NA
"1081",6,91038,NA
"1082",7,91041,NA
"1083",7,91069,NA
"1084",7,91075,NA
"1085",7,91079,NA
"1086",7,91081,NA
"1087",4,91097,NA
"1088",7,91100,NA
"1089",4,91106,NA
"1090",6,91109,NA
"1091",7,91112,NA
"1092",7,91121,NA
"1093",6,91129,NA
"1094",7,91130,NA
"1095",6,91132,NA
"1096",7,91135,NA
"1097",7,91137,NA
"1098",7,91159,NA
"1099",7,91180,NA
"1100",7,91186,NA
"1101",7,91195,NA
"1102",6,91198,NA
"1103",4,91204,NA
"1104",7,91222,NA
"1105",3,91235,NA
"1106",7,91243,NA
"1107",4,91244,NA
"1108",7,91247,NA
"1109",7,91273,NA
"1110",7,91274,NA
"1111",3,91275,NA
"1112",7,91284,NA
"1113",7,91292,NA
"1114",6,91293,NA
"1115",7,91319,NA
"1116",6,91332,NA
"1117",5,91338,NA
"1118",6,91390,NA
"1119",7,91408,NA
"1120",7,91411,NA
"1121",7,91412,NA
"1122",7,91414,NA
"1123",4,91425,NA
"1124",4,91435,NA
"1125",7,91441,NA
"1126",4,91457,NA
"1127",3,91457,NA
"1128",6,91463,NA
"1129",3,91468,NA
"1130",7,91469,NA
"1131",7,91473,NA
"1132",4,91494,NA
"1133",7,91495,NA
"1134",7,91507,NA
"1135",4,91514,NA
"1136",7,91526,NA
"1137",4,91538,NA
"1138",7,91544,NA
"1139",7,91546,NA
"1140",7,91547,NA
"1141",7,91556,NA
"1142",7,91560,NA
"1143",7,91568,NA
"1144",3,91573,4
"1145",7,91578,NA
"1146",7,91599,NA
"1147",7,91613,NA
"1148",6,91617,4
"1149",7,91619,NA
"1150",7,91629,NA
"1151",7,91630,NA
"1152",7,91634,NA
"1153",6,91639,NA
"1154",7,91662,NA
"1155",7,91671,NA
"1156",3,93015,NA
"1157",2,93033,NA
"1158",3,94056,NA
"1159",7,95002,NA
"1160",7,95008,NA
"1161",4,95014,NA
"1162",7,95023,NA
"1163",7,95024,NA
"1164",7,95028,NA
"1165",7,95040,NA
"1166",6,95042,NA
"1167",7,95055,NA
"1168",6,95058,NA
"1169",7,95059,NA
"1170",3,95060,NA
"1171",7,95061,NA
"1172",7,95074,NA
"1173",7,95078,NA
"1174",3,95091,NA
"1175",7,95102,NA
"1176",7,95110,NA
"1177",6,95116,NA
"1178",4,95120,NA
"1179",7,95139,NA
"1180",7,95150,NA
"1181",7,95151,NA
"1182",7,95170,NA
"1183",7,95181,NA
"1184",7,95211,NA
"1185",7,95213,NA
"1186",7,95241,NA
"1187",5,95250,NA
"1188",7,95253,NA
"1189",7,95254,NA
"1190",7,95298,NA
"1191",7,95328,NA
"1192",7,95331,NA
"1193",7,95348,NA
"1194",6,95353,NA
"1195",5,95355,NA
"1196",7,95365,NA
"1197",4,95369,NA
"1198",6,95370,NA
"1199",5,95371,NA
"1200",7,95387,NA
"1201",5,95388,1
"1202",7,95422,NA
"1203",7,95429,NA
"1204",6,95436,NA
"1205",7,95438,NA
"1206",4,95446,NA
"1207",4,95450,1
"1208",7,95456,NA
"1209",7,95459,NA
"1210",6,95509,NA
"1211",4,95510,1
"1212",6,95529,NA
"1213",7,95535,NA
"1214",7,95541,NA
"1215",7,95543,NA
"1216",6,95554,NA
"1217",7,95584,NA
"1218",7,95592,NA
"1219",7,95610,NA
"1220",7,95627,NA
"1221",4,95628,NA
"1222",4,95633,NA
"1223",6,95641,NA
"1224",7,95651,NA
"1225",7,95656,NA
"1226",7,95658,NA
"1227",6,95660,NA
"1228",7,95675,NA
"1229",7,95676,NA
"1230",4,95678,NA
"1231",7,95682,NA
"1232",7,95690,NA
"1233",3,78490,NA
"1234",4,95476,1
"1235",3,77390,NA
"1236",3,92063,NA
"1237",2,77285,NA
"1238",4,95424,NA
"1239",5,78029,NA
"1240",4,95306,NA
"1241",3,93029,NA
"1242",3,95018,NA
"1243",2,78688,5
"1244",6,77131,NA
"1245",3,78418,NA
"1246",4,78650,NA
"1247",2,78311,NA
"1248",3,93071,NA
"1249",2,93007,NA
"1250",4,94034,NA
"1251",3,94028,NA
"1252",4,77118,NA
"1253",3,93010,NA
"1254",3,94060,NA
"1255",3,95063,NA
"1256",4,95127,1
"1257",2,94079,3
"1258",7,77032,NA
"1259",4,77062,NA
"1260",7,77274,NA
"1261",2,77389,NA
"1262",7,77448,NA
"1263",5,78089,NA
"1264",7,78164,NA
"1265",7,78366,NA
"1266",7,78601,NA
"1267",7,78668,NA
"1268",2,91122,NA
"1269",6,91318,NA
"1270",6,91330,NA
"1271",7,91602,NA
"1272",4,91661,NA
"1273",4,91665,NA
"1274",2,91689,NA
"1275",3,95014,NA
"1276",4,95088,NA
"1277",7,95101,NA
"1278",7,95301,NA
"1279",7,95308,NA
"1280",7,95409,NA
"1281",7,95452,NA
"1282",4,95489,NA
"1283",7,95523,NA
"1284",3,93013,NA
"1285",1,92004,NA
"1286",4,77468,3
"1287",4,78146,NA
"1288",3,78646,NA
"1289",1,92023,NA
"1290",3,91377,NA
"1291",1,94069,NA
"1292",1,92035,NA
"1293",3,77514,NA
"1294",3,91286,NA
"1295",1,94018,NA
"1296",2,94067,NA
"1297",4,95585,NA
"1298",4,91174,NA
"1299",2,NA,NA
"1300",6,77333,NA
"1301",2,93046,NA
"1302",7,77036,NA
"1303",5,77049,NA
"1304",7,77052,NA
"1305",7,77066,NA
"1306",7,77073,NA
"1307",3,77075,NA
"1308",7,77080,NA
"1309",7,77087,NA
"1310",7,77110,NA
"1311",7,77128,NA
"1312",7,77133,NA
"1313",7,77137,NA
"1314",7,77163,NA
"1315",6,77178,NA
"1316",7,77190,NA
"1317",7,77204,NA
"1318",7,77205,NA
"1319",7,77212,NA
"1320",7,77218,NA
"1321",7,77235,NA
"1322",7,77252,NA
"1323",7,77263,NA
"1324",7,77267,NA
"1325",4,77269,NA
"1326",7,77271,NA
"1327",5,77277,NA
"1328",7,77286,NA
"1329",7,77298,NA
"1330",7,77301,NA
"1331",7,77314,NA
"1332",7,77360,NA
"1333",7,77368,NA
"1334",6,77370,NA
"1335",6,77391,NA
"1336",2,77394,NA
"1337",7,77432,NA
"1338",7,77476,NA
"1339",7,77481,NA
"1340",7,77498,NA
"1341",7,78036,NA
"1342",4,78050,NA
"1343",7,78071,NA
"1344",7,78076,NA
"1345",7,78084,NA
"1346",6,78107,NA
"1347",7,78160,NA
"1348",7,78163,NA
"1349",7,78188,NA
"1350",7,78194,NA
"1351",7,78202,NA
"1352",6,78217,NA
"1353",6,78220,NA
"1354",7,78231,NA
"1355",7,78234,NA
"1356",7,78245,NA
"1357",7,78276,NA
"1358",7,78305,NA
"1359",NA,78310,NA
"1360",7,78324,NA
"1361",7,78344,NA
"1362",7,78349,NA
"1363",6,78381,NA
"1364",7,78385,NA
"1365",4,78443,NA
"1366",6,78444,NA
"1367",7,78484,NA
"1368",7,78499,NA
"1369",5,78499,NA
"1370",7,78506,NA
"1371",7,78518,NA
"1372",4,78550,NA
"1373",6,78557,NA
"1374",7,78567,NA
"1375",5,78571,NA
"1376",5,78601,NA
"1377",7,78616,NA
"1378",3,78643,NA
"1379",4,78644,5
"1380",7,91001,NA
"1381",7,91098,NA
"1382",6,91184,NA
"1383",7,91240,NA
"1384",4,91243,NA
"1385",7,91248,NA
"1386",7,91275,NA
"1387",3,91339,NA
"1388",7,91378,NA
"1389",7,91393,NA
"1390",7,91508,NA
"1391",7,91519,NA
"1392",4,91577,NA
"1393",4,91617,4
"1394",7,91654,NA
"1395",3,91659,2
"1396",3,91666,NA
"1397",7,95011,NA
"1398",7,95012,NA
"1399",7,95046,NA
"1400",6,95052,NA
"1401",7,95094,NA
"1402",7,95119,NA
"1403",7,95154,NA
"1404",7,95157,NA
"1405",7,95169,NA
"1406",4,95212,NA
"1407",7,95258,NA
"1408",7,95270,NA
"1409",7,95271,NA
"1410",7,95282,NA
"1411",7,95287,NA
"1412",7,95295,NA
"1413",7,95304,NA
"1414",6,95309,NA
"1415",7,95316,NA
"1416",6,95351,NA
"1417",7,95445,NA
"1418",7,95447,NA
"1419",7,95483,NA
"1420",3,95488,NA
"1421",7,95493,NA
"1422",NA,95529,NA
"1423",6,78029,NA
"1424",3,78242,NA
"1425",4,95199,NA
"1426",2,77258,3
"1427",4,77108,NA
"1428",2,95019,NA
"1429",2,93078,NA
"1430",1,94037,NA
"1431",3,94081,NA
"1432",2,95219,NA
"1433",4,78642,NA
"1434",6,77305,NA
"1435",2,78640,NA
"1436",4,95019,NA
"1437",2,91521,2
"1438",2,95427,NA
"1439",7,77284,NA
"1440",2,95582,NA
"1441",3,92022,NA
"1442",6,77118,NA
"1443",2,94068,NA
"1444",3,93073,NA
"1445",3,95210,NA
"1446",2,93062,NA
"1447",2,78124,NA
"1448",2,95424,NA
"1449",7,78503,NA
"1450",2,92047,NA
"1451",2,95491,NA
"1452",1,93006,0
"1453",3,77468,3
"1454",3,95252,NA
"1455",1,92048,NA
"1456",2,92036,NA
"1457",2,78545,NA
"1458",4,78383,NA
"1459",3,78005,NA
"1460",7,77009,NA
"1461",7,77023,NA
"1462",5,77048,NA
"1463",6,77153,NA
"1464",7,77198,NA
"1465",7,77206,NA
"1466",7,77207,NA
"1467",3,77209,3
"1468",5,NA,NA
"1469",4,77221,3
"1470",7,77224,NA
"1471",7,77275,NA
"1472",7,77326,4
"1473",7,77409,NA
"1474",5,77419,NA
"1475",5,77420,NA
"1476",5,78049,NA
"1477",7,78062,NA
"1478",7,78264,NA
"1479",7,78356,5
"1480",7,78413,NA
"1481",7,78442,NA
"1482",6,78455,NA
"1483",2,78502,NA
"1484",7,78565,NA
"1485",4,78567,NA
"1486",7,78588,NA
"1487",7,78653,NA
"1488",3,78683,NA
"1489",4,91122,NA
"1490",7,91145,NA
"1491",3,91179,NA
"1492",7,91374,NA
"1493",7,91399,NA
"1494",2,91666,NA
"1495",3,94047,NA
"1496",3,94070,NA
"1497",NA,95026,NA
"1498",7,95054,NA
"1499",7,95166,NA
"1500",4,95288,NA
"1501",7,95379,NA
"1502",7,95462,NA
"1503",4,77243,3
"1504",4,78165,NA
"1505",3,92019,NA
"1506",3,78674,NA
"1507",2,78586,NA
"1508",4,77152,NA
"1509",2,91645,NA
"1510",3,95277,NA
"1511",NA,95487,NA
"1512",7,95476,1
"1513",7,77152,NA
"1514",3,91136,NA
"1515",3,91538,NA
"1516",2,78297,5
"1517",3,95127,1
"1518",2,92024,NA
"1519",2,95680,NA
"1520",2,95197,NA
"1521",2,78650,NA
"1522",7,77013,NA
"1523",7,77063,NA
"1524",1,77066,NA
"1525",6,77100,NA
"1526",5,77128,NA
"1527",5,77132,3
"1528",7,77132,3
"1529",7,77156,NA
"1530",7,77192,NA
"1531",7,77225,NA
"1532",5,77343,NA
"1533",7,77356,NA
"1534",7,77393,NA
"1535",7,77452,NA
"1536",4,78217,NA
"1537",6,78346,NA
"1538",3,78384,NA
"1539",6,78404,NA
"1540",4,78442,NA
"1541",7,78486,NA
"1542",3,78501,NA
"1543",4,78571,NA
"1544",7,78571,NA
"1545",7,78643,NA
"1546",4,78672,NA
"1547",7,91067,NA
"1548",5,91105,NA
"1549",3,91347,NA
"1550",5,91433,NA
"1551",3,91534,NA
"1552",4,94075,NA
"1553",7,95303,NA
"1554",2,91477,NA
"1555",4,78335,NA
"1556",6,77284,NA
"1557",4,91272,NA
"1558",2,91312,NA
"1559",3,75012,NA
"1560",3,95555,NA
"1561",7,77396,NA
"1562",7,77406,NA
"1563",3,78227,NA
"1564",7,78608,NA
"1565",7,91148,NA
"1566",6,91338,NA
"1567",4,91468,NA
"1568",3,91689,NA
"1569",7,95052,NA
"1570",3,95142,NA
"1571",7,95214,NA
"1572",7,95492,NA
"1573",2,95598,NA
"1574",3,95539,NA
"1575",7,77445,4
"1576",2,93032,NA
"1577",2,91471,NA
"1578",3,77307,3
"1579",3,78343,NA
"1580",3,78354,NA
"1581",5,78402,NA
"1582",4,NA,NA
"1583",2,95183,1
"1584",4,95428,NA
"1585",4,77445,4
"1586",2,94059,NA
"1587",3,94033,NA
"1588",3,78624,NA
"1589",5,77240,NA
"1590",6,77245,NA
"1591",6,77248,NA
"1592",7,77292,NA
"1593",3,77326,4
"1594",3,77447,NA
"1595",6,78048,NA
"1596",5,78269,NA
"1597",5,78334,NA
"1598",7,78389,NA
"1599",3,78397,NA
"1600",7,78420,NA
"1601",7,78439,NA
"1602",6,78505,NA
"1603",7,91463,NA
"1604",7,91533,NA
"1605",4,91552,NA
"1606",5,91579,NA
"1607",5,91593,NA
"1608",7,91593,NA
"1609",3,91635,NA
"1610",7,95280,NA
"1611",6,91223,NA
"1612",4,92002,NA
"1613",2,93047,NA
"1614",7,91115,NA
"1615",6,77014,NA
"1616",3,91228,2
"1617",1,NA,NA
"1618",3,92077,NA
"1619",2,77269,NA
"1620",5,77276,NA
"1621",7,77319,NA
"1622",7,77397,NA
"1623",5,77482,NA
"1624",7,78089,NA
"1625",NA,78188,NA
"1626",3,78550,NA
"1627",5,91332,NA
"1628",3,91333,NA
"1629",6,91662,NA
"1630",5,95026,NA
"1631",3,95088,NA
"1632",7,95250,NA
"1633",7,78490,NA
"1634",4,78362,NA
"1635",3,95680,NA
"1636",3,77337,3
"1637",7,78606,NA
"1638",NA,78276,NA
"1639",7,78517,NA
"1640",5,78588,NA
"1641",4,78366,NA
"1642",4,78049,NA
"1643",7,78380,NA
"1644",5,78638,NA
"1645",4,78431,NA
"1646",5,78569,NA
"1647",4,95637,1
"1648",3,95323,1
"1649",4,78073,NA
"1650",4,78406,NA
"1651",3,95476,1
"1652",7,91249,NA
"1653",3,78575,NA
"1654",7,91679,NA
"1655",3,91274,NA
"1656",6,91319,NA
"1657",4,78117,NA
"1658",3,91461,NA
"1659",4,95219,NA
"1660",1,77018,3
"1661",5,95058,NA
"1662",6,91376,NA
"1663",3,95229,NA
"1664",4,91027,NA
"1665",6,91494,NA
"1666",3,95585,NA
"1667",3,91479,NA
"1668",2,91687,NA
"1669",6,95652,NA
"1670",5,95594,NA
"1671",3,91386,NA
"1672",7,95144,NA
"1673",2,94011,NA
"1674",5,95280,NA
"1675",4,95351,NA
"1676",3,91435,NA
"1677",5,95509,NA
"1678",2,94019,NA
"1679",3,77083,3
"1680",4,93047,NA
"1681",5,77514,NA
"1682",4,77288,NA
"1683",2,77152,NA
"1684",2,77487,NA
"1685",5,77431,NA
"1686",5,77463,NA
"1687",5,77494,NA
"1688",6,77382,NA
"1689",5,77143,NA
"1690",6,77047,NA
"1691",7,77475,NA
"1692",5,77409,NA
"1693",7,77131,NA
"1694",7,77159,NA
"1695",7,77532,NA
"1696",5,77368,NA
